-- Adminer 3.7.1 MySQL dump

SET NAMES utf8;
SET foreign_key_checks = 0;
SET time_zone = '-05:00';
SET sql_mode = 'NO_AUTO_VALUE_ON_ZERO';

DROP DATABASE IF EXISTS `salas`;
CREATE DATABASE `salas` /*!40100 DEFAULT CHARACTER SET utf8 */;
USE `salas`;

DROP TABLE IF EXISTS `bitacora`;
CREATE TABLE `bitacora` (
  `id` int(11) NOT NULL AUTO_INCREMENT,
  `accion` varchar(300) NOT NULL,
  `cedula` int(11) NOT NULL,
  `ip` varchar(39) NOT NULL,
  `fecha` timestamp NOT NULL DEFAULT CURRENT_TIMESTAMP ON UPDATE CURRENT_TIMESTAMP,
  PRIMARY KEY (`id`)
) ENGINE=InnoDB DEFAULT CHARSET=utf8;


DROP TABLE IF EXISTS `departamentos`;
CREATE TABLE `departamentos` (
  `id` int(11) NOT NULL AUTO_INCREMENT,
  `id_departamento` int(11) DEFAULT NULL,
  `nombre` varchar(100) DEFAULT NULL,
  PRIMARY KEY (`id`)
) ENGINE=InnoDB DEFAULT CHARSET=utf8;

INSERT INTO `departamentos` (`id`, `id_departamento`, `nombre`) VALUES
(1,	1,	'Amazonas'),
(2,	10,	'Cauca'),
(3,	11,	'Cesar'),
(4,	12,	'Chocó'),
(5,	13,	'Córdoba'),
(6,	14,	'Cundinamarca'),
(7,	15,	'Guainía'),
(8,	16,	'Guaviare'),
(9,	17,	'Huila'),
(10,	18,	'La Guajira'),
(11,	19,	'Magdalena'),
(12,	2,	'Antioquia'),
(13,	20,	'Meta'),
(14,	21,	'Nariño'),
(15,	22,	'Norte de Santander'),
(16,	23,	'Putumayo'),
(17,	24,	'Quindío'),
(18,	25,	'Risaralda'),
(19,	26,	'San Andrés y Providencia'),
(20,	27,	'Santander'),
(21,	28,	'Sucre'),
(22,	29,	'Tolima'),
(23,	3,	'Arauca'),
(24,	30,	'Valle del Cauca'),
(25,	31,	'Vaupés'),
(26,	32,	'Vichada'),
(27,	33,	'Bogotá DC'),
(28,	4,	'Atlántico'),
(29,	5,	'Bolívar'),
(30,	6,	'Boyacá'),
(31,	7,	'Caldas'),
(32,	8,	'Caquetá'),
(33,	9,	'Casanare');

DROP TABLE IF EXISTS `estudiantes`;
CREATE TABLE `estudiantes` (
  `id` int(11) NOT NULL AUTO_INCREMENT,
  `cedula` int(11) NOT NULL,
  `nombres` varchar(100) NOT NULL,
  `apellidos` varchar(100) NOT NULL,
  `id_municipio` int(11) NOT NULL,
  `id_departamento` int(11) NOT NULL,
  `direccion` varchar(200) NOT NULL,
  `telefono` varchar(200) NOT NULL,
  `sexo` int(11) NOT NULL,
  PRIMARY KEY (`id`)
) ENGINE=InnoDB DEFAULT CHARSET=utf8;

INSERT INTO `estudiantes` (`id`, `cedula`, `nombres`, `apellidos`, `id_municipio`, `id_departamento`, `direccion`, `telefono`, `sexo`) VALUES
(25,	1103094999,	'Javier Arturo',	'Gomez Mora',	145,	4,	'Calle 26 # 24 - 05',	'3015734372',	1);

DROP TABLE IF EXISTS `municipios`;
CREATE TABLE `municipios` (
  `id` int(11) NOT NULL AUTO_INCREMENT,
  `id_municipio` int(11) DEFAULT NULL,
  `nombre` varchar(100) DEFAULT NULL,
  `id_departamento` int(11) DEFAULT NULL,
  PRIMARY KEY (`id`)
) ENGINE=InnoDB DEFAULT CHARSET=utf8;

INSERT INTO `municipios` (`id`, `id_municipio`, `nombre`, `id_departamento`) VALUES
(1,	1,	'El Encanto',	1),
(2,	10,	'Puerto Santander',	1),
(3,	100,	'San Andres de Cuerquia',	2),
(4,	1000,	'Los Palmitos',	28),
(5,	1001,	'Majagual',	28),
(6,	1002,	'Morroa',	28),
(7,	1003,	'Ovejas',	28),
(8,	1004,	'Palmito',	28),
(9,	1005,	'Sampues',	28),
(10,	1006,	'San Benito Abad',	28),
(11,	1007,	'San Juan de Betulia',	28),
(12,	1008,	'San Marcos',	28),
(13,	1009,	'San Onofre',	28),
(14,	101,	'San Carlos',	2),
(15,	1010,	'San Pedro',	28),
(16,	1011,	'Sincé',	28),
(17,	1012,	'Sincelejo',	28),
(18,	1013,	'Sucre',	28),
(19,	1014,	'Tolú',	28),
(20,	1015,	'Toluviejo',	28),
(21,	1016,	'Alpujarra',	29),
(22,	1017,	'Alvarado',	29),
(23,	1018,	'Ambalema',	29),
(24,	1019,	'Anzoategui',	29),
(25,	102,	'San Francisco',	2),
(26,	1020,	'Armero (GUAYABAL)',	29),
(27,	1021,	'Ataco',	29),
(28,	1022,	'Cajamarca',	29),
(29,	1023,	'Carmen de Apicalá',	29),
(30,	1024,	'Casablanca',	29),
(31,	1025,	'Chaparral',	29),
(32,	1026,	'Coello',	29),
(33,	1027,	'Coyaima',	29),
(34,	1028,	'Cunday',	29),
(35,	1029,	'Dolores',	29),
(36,	103,	'San Jeronimo',	2),
(37,	1030,	'Espinal',	29),
(38,	1031,	'Falán',	29),
(39,	1032,	'Flandes',	29),
(40,	1033,	'Fresno',	29),
(41,	1034,	'Guamo',	29),
(42,	1035,	'Herveo',	29),
(43,	1036,	'Honda',	29),
(44,	1037,	'Ibagué',	29),
(45,	1038,	'Icononzo',	29),
(46,	1039,	'Lérida',	29),
(47,	104,	'San Jose de la Montaña',	2),
(48,	1040,	'Líbano',	29),
(49,	1041,	'Mariquita',	29),
(50,	1042,	'Melgar',	29),
(51,	1043,	'Murillo',	29),
(52,	1044,	'Natagaima',	29),
(53,	1045,	'Ortega',	29),
(54,	1046,	'Palocabildo',	29),
(55,	1047,	'Piedras Planadas',	29),
(56,	1048,	'Prado',	29),
(57,	1049,	'Purificación',	29),
(58,	105,	'San Juan de Uraba',	2),
(59,	1050,	'Rioblanco',	29),
(60,	1051,	'Roncesvalles',	29),
(61,	1052,	'Rovira',	29),
(62,	1053,	'Saldaña',	29),
(63,	1054,	'San Antonio',	29),
(64,	1055,	'San Luis',	29),
(65,	1056,	'Santa Isabel',	29),
(66,	1057,	'Suárez',	29),
(67,	1058,	'Valle de San Juan',	29),
(68,	1059,	'Venadillo',	29),
(69,	106,	'San Luis',	2),
(70,	1060,	'Villahermosa',	29),
(71,	1061,	'Villarrica',	29),
(72,	1062,	'Alcalá',	30),
(73,	1063,	'Andalucía',	30),
(74,	1064,	'Anserma Nuevo',	30),
(75,	1065,	'Argelia',	30),
(76,	1066,	'Bolívar',	30),
(77,	1067,	'Buenaventura',	30),
(78,	1068,	'Buga',	30),
(79,	1069,	'Bugalagrande',	30),
(80,	107,	'San Pedro de los Milagros',	2),
(81,	1070,	'Caicedonia',	30),
(82,	1071,	'Cali',	30),
(83,	1072,	'Calima (Darien)',	30),
(84,	1073,	'Candelaria',	30),
(85,	1074,	'Cartago',	30),
(86,	1075,	'Dagua',	30),
(87,	1076,	'El Aguila',	30),
(88,	1077,	'El Cairo',	30),
(89,	1078,	'El Cerrito',	30),
(90,	1079,	'El Dovio',	30),
(91,	108,	'San Pedro de Uraba',	2),
(92,	1080,	'Florida',	30),
(93,	1081,	'Ginebra Guacari',	30),
(94,	1082,	'Jamundi',	30),
(95,	1083,	'La Cumpre',	30),
(96,	1084,	'La Unión',	30),
(97,	1085,	'La Victoria',	30),
(98,	1086,	'Obando',	30),
(99,	1087,	'Palmira',	30),
(100,	1088,	'Pradera',	30),
(101,	1089,	'Restrepo',	30),
(102,	109,	'San Rafael',	2),
(103,	1090,	'Rio Frío',	30),
(104,	1091,	'Roldanillo',	30),
(105,	1092,	'San Pedro',	30),
(106,	1093,	'Sevilla',	30),
(107,	1094,	'Toro',	30),
(108,	1095,	'Trujillo',	30),
(109,	1096,	'Tulúa',	30),
(110,	1097,	'Ulloa',	30),
(111,	1098,	'Versalles',	30),
(112,	1099,	'Vijes',	30),
(113,	11,	'Turapaca',	1),
(114,	110,	'San Roque',	2),
(115,	1100,	'Yotoco',	30),
(116,	1101,	'Yumbo',	30),
(117,	1102,	'Zarzal',	30),
(118,	1103,	'Carurú',	31),
(119,	1104,	'Mitú',	31),
(120,	1105,	'Pacoa',	31),
(121,	1106,	'Papunaua',	31),
(122,	1107,	'Taraira',	31),
(123,	1108,	'Yabaratá',	31),
(124,	1109,	'Cumaribo',	32),
(125,	111,	'San Vicente',	2),
(126,	1110,	'La Primavera',	32),
(127,	1111,	'Puerto Carreño',	32),
(128,	1112,	'Santa Rosalia',	32),
(129,	112,	'Santa Barbara',	2),
(130,	113,	'Santa Rosa de Osos',	2),
(131,	114,	'Santo Domingo',	2),
(132,	115,	'Santuario',	2),
(133,	116,	'Segovia',	2),
(134,	117,	'Sonson',	2),
(135,	118,	'Sopetran',	2),
(136,	119,	'Tamesis',	2),
(137,	12,	'Abejorral',	2),
(138,	120,	'Taraza',	2),
(139,	121,	'Tarso',	2),
(140,	122,	'Titiribi',	2),
(141,	123,	'Toledo',	2),
(142,	124,	'Turbo',	2),
(143,	125,	'Uramita',	2),
(144,	126,	'Urrao',	2),
(145,	127,	'Valdivia',	2),
(146,	128,	'Valparaiso',	2),
(147,	129,	'Vegachi',	2),
(148,	13,	'Abriaqui',	2),
(149,	130,	'Venecia',	2),
(150,	131,	'Vigia del Fuerte',	2),
(151,	132,	'Yali',	2),
(152,	133,	'Yarumal',	2),
(153,	134,	'Yolombo',	2),
(154,	135,	'Yondo',	2),
(155,	136,	'Zaragoza',	2),
(156,	137,	'Arauca',	3),
(157,	138,	'Arauquita',	3),
(158,	139,	'Cravo Norte',	3),
(159,	14,	'Alejandria',	2),
(160,	140,	'Fortul',	3),
(161,	141,	'Puerto Rondon',	3),
(162,	142,	'Saravena',	3),
(163,	143,	'Tame',	3),
(164,	144,	'Baranoa',	4),
(165,	145,	'Barranquilla',	4),
(166,	146,	'Campo de la Cruz',	4),
(167,	147,	'Candelaria',	4),
(168,	148,	'Galapa',	4),
(169,	149,	'Juan de Acosta',	4),
(170,	15,	'Amaga',	2),
(171,	150,	'Luruaco',	4),
(172,	151,	'Malambo',	4),
(173,	152,	'Manati',	4),
(174,	153,	'Palmar de Varela',	4),
(175,	154,	'Piojo',	4),
(176,	155,	'Polo Nuevo',	4),
(177,	156,	'Ponedera',	4),
(178,	157,	'Puerto Colombia',	4),
(179,	158,	'Repelon',	4),
(180,	159,	'Sabanagrande',	4),
(181,	16,	'Amalfi',	2),
(182,	160,	'Sabanalarga',	4),
(183,	161,	'Santa Lucia',	4),
(184,	162,	'Santo Tomas',	4),
(185,	163,	'Soledad',	4),
(186,	164,	'Suan',	4),
(187,	165,	'Tubara',	4),
(188,	166,	'Usiacuri',	4),
(189,	167,	'Achi',	5),
(190,	168,	'Altos del Rosario',	5),
(191,	169,	'Arenal',	5),
(192,	17,	'Andes',	2),
(193,	170,	'Arjona',	5),
(194,	171,	'Arroyohondo',	5),
(195,	172,	'Barranco de Loba',	5),
(196,	173,	'Brazuelo de Papayal',	5),
(197,	174,	'Calamar',	5),
(198,	175,	'Cantagallo',	5),
(199,	176,	'Cartagena',	5),
(200,	177,	'Cicuco',	5),
(201,	178,	'Clemencia',	5),
(202,	179,	'Cordoba',	5),
(203,	18,	'Angelopolis',	2),
(204,	180,	'El Carmen de Bolivar',	5),
(205,	181,	'El Guamo',	5),
(206,	182,	'El Penion',	5),
(207,	183,	'Hatillo de Loba',	5),
(208,	184,	'Magangue',	5),
(209,	185,	'Mahates',	5),
(210,	186,	'Margarita',	5),
(211,	187,	'Maria la Baja',	5),
(212,	188,	'Montecristo',	5),
(213,	189,	'Morales',	5),
(214,	19,	'Angostura',	2),
(215,	190,	'Morales',	5),
(216,	191,	'Norosi',	5),
(217,	192,	'Pinillos',	5),
(218,	193,	'Regidor',	5),
(219,	194,	'Rio Viejo',	5),
(220,	195,	'San Cristobal',	5),
(221,	196,	'San Estanislao',	5),
(222,	197,	'San Fernando',	5),
(223,	198,	'San Jacinto',	5),
(224,	199,	'San Jacinto del Cauca',	5),
(225,	2,	'La Chorrera',	1),
(226,	20,	'Anori',	2),
(227,	200,	'San Juan de Nepomuceno',	5),
(228,	201,	'San Martin de Loba',	5),
(229,	202,	'San Pablo',	5),
(230,	203,	'San Pablo Norte',	5),
(231,	204,	'Santa Catalina',	5),
(232,	205,	'Santa Cruz de Mompox',	5),
(233,	206,	'Santa Rosa',	5),
(234,	207,	'Santa Rosa del Sur',	5),
(235,	208,	'Simiti',	5),
(236,	209,	'Soplaviento',	5),
(237,	21,	'Antioquia',	2),
(238,	210,	'Talaigua Nuevo',	5),
(239,	211,	'Tuquisio',	5),
(240,	212,	'Turbaco',	5),
(241,	213,	'Turbana',	5),
(242,	214,	'Villanueva',	5),
(243,	215,	'Zamprano',	5),
(244,	216,	'Aquitania',	6),
(245,	217,	'Arcabuco',	6),
(246,	218,	'Belén',	6),
(247,	219,	'Berbeo',	6),
(248,	22,	'Anza',	2),
(249,	220,	'Beteitiva',	6),
(250,	221,	'Boavita',	6),
(251,	222,	'Boyacá',	6),
(252,	223,	'Briceño',	6),
(253,	224,	'Buenavista',	6),
(254,	225,	'Busbanzá',	6),
(255,	226,	'Caldas',	6),
(256,	227,	'Campo Hermoso',	6),
(257,	228,	'Cerinza',	6),
(258,	229,	'Chinavita',	6),
(259,	23,	'Apartado',	2),
(260,	230,	'Chiquinquirá',	6),
(261,	231,	'Chíquiza',	6),
(262,	232,	'Chiscas',	6),
(263,	233,	'Chita',	6),
(264,	234,	'Chitaraque',	6),
(265,	235,	'Chivatá',	6),
(266,	236,	'Ciénega',	6),
(267,	237,	'Cómbita',	6),
(268,	238,	'Coper',	6),
(269,	239,	'Corrales',	6),
(270,	24,	'Arboletes',	2),
(271,	240,	'Covarachía',	6),
(272,	241,	'Cubara',	6),
(273,	242,	'Cucaita',	6),
(274,	243,	'Cuitiva',	6),
(275,	244,	'Duitama',	6),
(276,	245,	'El Cocuy',	6),
(277,	246,	'El Espino',	6),
(278,	247,	'Firavitoba',	6),
(279,	248,	'Floresta',	6),
(280,	249,	'Ganchatuvá',	6),
(281,	25,	'Argelia',	2),
(282,	250,	'Gámeza',	6),
(283,	251,	'Garagoa',	6),
(284,	252,	'Guacamayas',	6),
(285,	253,	'Gúicán',	6),
(286,	254,	'Iza',	6),
(287,	255,	'Jenesano',	6),
(288,	256,	'Jericó',	6),
(289,	257,	'La Uvita',	6),
(290,	258,	'La Victoria',	6),
(291,	259,	'Labranza Grande',	6),
(292,	26,	'Armenia',	2),
(293,	260,	'Macanal',	6),
(294,	261,	'Maripí',	6),
(295,	262,	'Miraflores',	6),
(296,	263,	'Mongua',	6),
(297,	264,	'Monguí',	6),
(298,	265,	'Moniquirá',	6),
(299,	266,	'Motavita',	6),
(300,	267,	'Muzo',	6),
(301,	268,	'Nobsa',	6),
(302,	269,	'Nuevo Colón',	6),
(303,	27,	'Barbosa',	2),
(304,	270,	'Oicatá',	6),
(305,	271,	'Otanche',	6),
(306,	272,	'Pachavita',	6),
(307,	273,	'Páez',	6),
(308,	274,	'Paipa',	6),
(309,	275,	'Pajarito',	6),
(310,	276,	'Panqueba',	6),
(311,	277,	'Pauna',	6),
(312,	278,	'Paya',	6),
(313,	279,	'Paz de Río',	6),
(314,	28,	'Bello',	2),
(315,	280,	'Pesca',	6),
(316,	281,	'Pisba',	6),
(317,	282,	'Puerto Boyaca',	6),
(318,	283,	'Quípama',	6),
(319,	284,	'Ramiriquí',	6),
(320,	285,	'Ráquira',	6),
(321,	286,	'Rondón',	6),
(322,	287,	'Saboyá',	6),
(323,	288,	'Sáchica',	6),
(324,	289,	'Samacá',	6),
(325,	29,	'Belmira',	2),
(326,	290,	'San Eduardo',	6),
(327,	291,	'San José de Pare',	6),
(328,	292,	'San Luís de Gaceno',	6),
(329,	293,	'San Matero',	6),
(330,	294,	'San Miguel de Sema',	6),
(331,	295,	'San Pablo de Borbur',	6),
(332,	296,	'Santa María',	6),
(333,	297,	'Santa Rosa de Viterbo',	6),
(334,	298,	'Santa Sofía',	6),
(335,	299,	'Santana',	6),
(336,	3,	'La Pedrera',	1),
(337,	30,	'Betania',	2),
(338,	300,	'Sativanorte',	6),
(339,	301,	'Sativasur',	6),
(340,	302,	'Siachoque',	6),
(341,	303,	'Soatá',	6),
(342,	304,	'Socha',	6),
(343,	305,	'Socotá',	6),
(344,	306,	'Sogamosos',	6),
(345,	307,	'Sora',	6),
(346,	308,	'Soracá',	6),
(347,	309,	'Sotaquirá',	6),
(348,	31,	'Betulia',	2),
(349,	310,	'Susacón',	6),
(350,	311,	'Sutamarchán',	6),
(351,	312,	'Tasco',	6),
(352,	313,	'Tibaná',	6),
(353,	314,	'Tibasosa',	6),
(354,	315,	'Tinjacá',	6),
(355,	316,	'Tipacoque',	6),
(356,	317,	'Toca',	6),
(357,	318,	'Toguí',	6),
(358,	319,	'Tópaga',	6),
(359,	32,	'Bolivar',	2),
(360,	320,	'Tota',	6),
(361,	321,	'Tunja',	6),
(362,	322,	'Tununguá',	6),
(363,	323,	'Turmequé',	6),
(364,	324,	'Tuta',	6),
(365,	325,	'Tutazá',	6),
(366,	326,	'Umbita',	6),
(367,	327,	'Venta Quemada',	6),
(368,	328,	'Villa de Leyva',	6),
(369,	329,	'Viracachá',	6),
(370,	33,	'Briceño',	2),
(371,	330,	'Zetaquira',	6),
(372,	331,	'Aguadas',	7),
(373,	332,	'Anserma',	7),
(374,	333,	'Aranzazu',	7),
(375,	334,	'Belalcazar',	7),
(376,	335,	'Chinchiná',	7),
(377,	336,	'Filadelfia',	7),
(378,	337,	'La Dorada',	7),
(379,	338,	'La Merced',	7),
(380,	339,	'Manizales',	7),
(381,	34,	'Buritica',	2),
(382,	340,	'Manzanares',	7),
(383,	341,	'Marmato',	7),
(384,	342,	'Marquetalia',	7),
(385,	343,	'Marulanda',	7),
(386,	344,	'Neira',	7),
(387,	345,	'Norcasia',	7),
(388,	346,	'Pacora',	7),
(389,	347,	'Palestina',	7),
(390,	348,	'Pensilvania',	7),
(391,	349,	'Riosucio',	7),
(392,	35,	'Caceres',	2),
(393,	350,	'Risaralda',	7),
(394,	351,	'Salamina',	7),
(395,	352,	'Samana',	7),
(396,	353,	'San Jose',	7),
(397,	354,	'Supía',	7),
(398,	355,	'Victoria',	7),
(399,	356,	'Villamaría',	7),
(400,	357,	'Viterbo',	7),
(401,	358,	'Albania',	8),
(402,	359,	'Belén Andaquies',	8),
(403,	36,	'Caicedo',	2),
(404,	360,	'Cartagena del Chaira',	8),
(405,	361,	'Curillo',	8),
(406,	362,	'El Doncello',	8),
(407,	363,	'El Paujil',	8),
(408,	364,	'Florencia',	8),
(409,	365,	'La Montañita',	8),
(410,	366,	'Milán',	8),
(411,	367,	'Morelina',	8),
(412,	368,	'Puerto Rico',	8),
(413,	369,	'San Vicente del Caguan',	8),
(414,	37,	'Caldas',	2),
(415,	370,	'San José de Fragua',	8),
(416,	371,	'Solano',	8),
(417,	372,	'Solita',	8),
(418,	373,	'Valparaíso',	8),
(419,	374,	'Aguazul',	9),
(420,	375,	'Chameza',	9),
(421,	376,	'Hato Corozal',	9),
(422,	377,	'La Salina',	9),
(423,	378,	'Maní',	9),
(424,	379,	'Monterrey',	9),
(425,	38,	'Campamento',	2),
(426,	380,	'Nunchia',	9),
(427,	381,	'Orocue',	9),
(428,	382,	'Paz de Ariporo',	9),
(429,	383,	'Pore',	9),
(430,	384,	'Recetor',	9),
(431,	385,	'Sabana Larga',	9),
(432,	386,	'Sacama',	9),
(433,	387,	'San Luis de Palenque',	9),
(434,	388,	'Tamara',	9),
(435,	389,	'Tauramena',	9),
(436,	39,	'Canasgordas',	2),
(437,	390,	'Trinidad',	9),
(438,	391,	'Villanueva',	9),
(439,	392,	'Yopal',	9),
(440,	393,	'Almaguer',	10),
(441,	394,	'Argelia',	10),
(442,	395,	'Balboa',	10),
(443,	396,	'Bolívar',	10),
(444,	397,	'Buenos Aires',	10),
(445,	398,	'Cajibio',	10),
(446,	399,	'Caldono',	10),
(447,	4,	'La Victoria',	1),
(448,	40,	'Caracoli',	2),
(449,	400,	'Caloto',	10),
(450,	401,	'Corinto',	10),
(451,	402,	'El Tambo',	10),
(452,	403,	'Florencia',	10),
(453,	404,	'Guapi',	10),
(454,	405,	'Inza',	10),
(455,	406,	'Jamboló',	10),
(456,	407,	'La Sierra',	10),
(457,	408,	'La Vega',	10),
(458,	409,	'López',	10),
(459,	41,	'Caramanta',	2),
(460,	410,	'Mercaderes',	10),
(461,	411,	'Miranda',	10),
(462,	412,	'Morales',	10),
(463,	413,	'Padilla',	10),
(464,	414,	'Páez',	10),
(465,	415,	'Patia (EL BORDO)',	10),
(466,	416,	'Piamonte',	10),
(467,	417,	'Piendamo',	10),
(468,	418,	'Popayán',	10),
(469,	419,	'Puerto Tejada',	10),
(470,	42,	'Carepa',	2),
(471,	420,	'Purace',	10),
(472,	421,	'Rosas',	10),
(473,	422,	'San Sebastián',	10),
(474,	423,	'Santa Rosa',	10),
(475,	424,	'Santander de Quilichao',	10),
(476,	425,	'Silvia',	10),
(477,	426,	'Sotara',	10),
(478,	427,	'Suárez',	10),
(479,	428,	'Sucre',	10),
(480,	429,	'Timbío',	10),
(481,	43,	'Carmen de Viboral',	2),
(482,	430,	'Timbiquí',	10),
(483,	431,	'Toribio',	10),
(484,	432,	'Totoro',	10),
(485,	433,	'Villa Rica',	10),
(486,	434,	'Aguachica',	11),
(487,	435,	'Agustín Codazzi',	11),
(488,	436,	'Astrea',	11),
(489,	437,	'Becerril',	11),
(490,	438,	'Bosconia',	11),
(491,	439,	'Chimichagua',	11),
(492,	44,	'Carolina del Principe',	2),
(493,	440,	'Chiriguaná',	11),
(494,	441,	'Curumaní',	11),
(495,	442,	'El Copey',	11),
(496,	443,	'El Paso',	11),
(497,	444,	'Gamarra',	11),
(498,	445,	'González',	11),
(499,	446,	'La Gloria',	11),
(500,	447,	'La Jagua Ibirico',	11),
(501,	448,	'Manaure Balcón del Cesar',	11),
(502,	449,	'Pailitas',	11),
(503,	45,	'Caucasia',	2),
(504,	450,	'Pelaya',	11),
(505,	451,	'Pueblo Bello',	11),
(506,	452,	'Río de Oro',	11),
(507,	453,	'Robles (LA PAZ)',	11),
(508,	454,	'San Alberto',	11),
(509,	455,	'San Diego',	11),
(510,	456,	'San Martín',	11),
(511,	457,	'Tamalameque',	11),
(512,	458,	'Valledupar',	11),
(513,	459,	'Acandi',	12),
(514,	46,	'Chigorodo',	2),
(515,	460,	'Alto Baudo (PIE DE PATO)',	12),
(516,	461,	'Atrato',	12),
(517,	462,	'Bagado',	12),
(518,	463,	'Bahia Solano (MUTIS)',	12),
(519,	464,	'Bajo Baudo (PIZARRO)',	12),
(520,	465,	'Bojaya (BELLAVISTA)',	12),
(521,	466,	'Canton de San Pablo',	12),
(522,	467,	'Carmen del Darien',	12),
(523,	468,	'Certegui',	12),
(524,	469,	'Condoto',	12),
(525,	47,	'Cisneros',	2),
(526,	470,	'El Carmen',	12),
(527,	471,	'Istmina',	12),
(528,	472,	'Jurado',	12),
(529,	473,	'Litoral del San Juan',	12),
(530,	474,	'Lloro',	12),
(531,	475,	'Medio Atrato',	12),
(532,	476,	'Medio Baudo (BOCA DE PEPE)',	12),
(533,	477,	'Medio San Juan',	12),
(534,	478,	'Novita',	12),
(535,	479,	'Nuqui',	12),
(536,	48,	'Cocorna',	2),
(537,	480,	'Quibdo',	12),
(538,	481,	'Rio Iro',	12),
(539,	482,	'Rio Quito',	12),
(540,	483,	'Riosucio',	12),
(541,	484,	'San Jose del Palmar',	12),
(542,	485,	'Sipi',	12),
(543,	486,	'Tado',	12),
(544,	487,	'Unguia',	12),
(545,	488,	'Unión Panamericana',	12),
(546,	489,	'Ayapel',	13),
(547,	49,	'Concepcion',	2),
(548,	490,	'Buenavista',	13),
(549,	491,	'Canalete',	13),
(550,	492,	'Cereté',	13),
(551,	493,	'Chima',	13),
(552,	494,	'Chinú',	13),
(553,	495,	'Cienaga de Oro',	13),
(554,	496,	'Cotorra',	13),
(555,	497,	'La Apartada',	13),
(556,	498,	'Lorica',	13),
(557,	499,	'Los Córdobas',	13),
(558,	5,	'Leticia',	1),
(559,	50,	'Concordia',	2),
(560,	500,	'Momil',	13),
(561,	501,	'Montelíbano',	13),
(562,	502,	'Montería',	13),
(563,	503,	'Monitos',	13),
(564,	504,	'Planeta Rica',	13),
(565,	505,	'Pueblo Nuevo',	13),
(566,	506,	'Puerto Escondio',	13),
(567,	507,	'Puerto Libertador',	13),
(568,	508,	'Purísima',	13),
(569,	509,	'Sahagún',	13),
(570,	51,	'Copacabana',	2),
(571,	510,	'San Andrés Sotavento',	13),
(572,	511,	'San Antero',	13),
(573,	512,	'San Bernardo Viento',	13),
(574,	513,	'San Carlos',	13),
(575,	514,	'San Pelayo',	13),
(576,	515,	'Tierralta',	13),
(577,	516,	'Valencia',	13),
(578,	517,	'Agua de Dios',	14),
(579,	518,	'Alban',	14),
(580,	519,	'Anapoima',	14),
(581,	52,	'Dadeiba',	2),
(582,	520,	'Anolaima',	14),
(583,	521,	'Arbelaez',	14),
(584,	522,	'Beltrán',	14),
(585,	523,	'Bituima',	14),
(586,	524,	'Bogotá DC',	33),
(587,	525,	'Bojacá',	14),
(588,	526,	'Cabrera',	14),
(589,	527,	'Cachipay',	14),
(590,	528,	'Cajicá',	14),
(591,	529,	'Caparrapá',	14),
(592,	53,	'Donmatias',	2),
(593,	530,	'Caqueza',	14),
(594,	531,	'Carmen de Carupa',	14),
(595,	532,	'Chaguaná',	14),
(596,	533,	'Chia',	14),
(597,	534,	'Chipaque',	14),
(598,	535,	'Choachá',	14),
(599,	536,	'Choconta',	14),
(600,	537,	'Cogua',	14),
(601,	538,	'Cota',	14),
(602,	539,	'Cucunubá',	14),
(603,	54,	'Ebejico',	2),
(604,	540,	'El Colegio',	14),
(605,	541,	'El Peñón',	14),
(606,	542,	'El Rosal1',	14),
(607,	543,	'Facatativa',	14),
(608,	544,	'Fómeque',	14),
(609,	545,	'Fosca',	14),
(610,	546,	'Funza',	14),
(611,	547,	'Fúquene',	14),
(612,	548,	'Fusagasuga',	14),
(613,	549,	'Gachalá',	14),
(614,	55,	'El Bagre',	2),
(615,	550,	'Gachancipá',	14),
(616,	551,	'Gacheta',	14),
(617,	552,	'Gama',	14),
(618,	553,	'Girardot',	14),
(619,	554,	'Granada2',	14),
(620,	555,	'Guachetá',	14),
(621,	556,	'Guaduas',	14),
(622,	557,	'Guasca',	14),
(623,	558,	'Guataquí',	14),
(624,	559,	'Guatavita',	14),
(625,	56,	'El Peñol',	2),
(626,	560,	'Guayabal de Siquima',	14),
(627,	561,	'Guayabetal',	14),
(628,	562,	'Gutierrez',	14),
(629,	563,	'Jerusalén',	14),
(630,	564,	'Junín',	14),
(631,	565,	'La Calera',	14),
(632,	566,	'La Mesa',	14),
(633,	567,	'La Palma',	14),
(634,	568,	'La Peña',	14),
(635,	569,	'La Vega',	14),
(636,	57,	'El Retiro',	2),
(637,	570,	'Lenguazaque',	14),
(638,	571,	'Machetá',	14),
(639,	572,	'Madrid',	14),
(640,	573,	'Manta',	14),
(641,	574,	'Medina',	14),
(642,	575,	'Mosquera',	14),
(643,	576,	'Nariño',	14),
(644,	577,	'Nemocón',	14),
(645,	578,	'Nilo',	14),
(646,	579,	'Nimaima',	14),
(647,	58,	'Entrerrios',	2),
(648,	580,	'Nocaima',	14),
(649,	581,	'Ospina Pérez',	14),
(650,	582,	'Pacho',	14),
(651,	583,	'Paime',	14),
(652,	584,	'Pandi',	14),
(653,	585,	'Paratebueno',	14),
(654,	586,	'Pasca',	14),
(655,	587,	'Puerto Salgar',	14),
(656,	588,	'Puli',	14),
(657,	589,	'Quebradanegra',	14),
(658,	59,	'Envigado',	2),
(659,	590,	'Quetame',	14),
(660,	591,	'Quipile',	14),
(661,	592,	'Rafael Reyes',	14),
(662,	593,	'Ricaurte',	14),
(663,	594,	'San Antonio del Tequendama',	14),
(664,	595,	'San Bernardo',	14),
(665,	596,	'San Cayetano',	14),
(666,	597,	'San Francisco',	14),
(667,	598,	'San Juan de Rioseco',	14),
(668,	599,	'Sasaima',	14),
(669,	6,	'Miriti',	1),
(670,	60,	'Fredonia',	2),
(671,	600,	'Sesquilé',	14),
(672,	601,	'Sibate',	14),
(673,	602,	'Silvania',	14),
(674,	603,	'Simijaca',	14),
(675,	604,	'Soacha',	14),
(676,	605,	'Sopo',	14),
(677,	606,	'Subachoque',	14),
(678,	607,	'Suesca',	14),
(679,	608,	'Supatá',	14),
(680,	609,	'Susa',	14),
(681,	61,	'Frontino',	2),
(682,	610,	'Sutatausa',	14),
(683,	611,	'Tabio',	14),
(684,	612,	'Tausa',	14),
(685,	613,	'Tena',	14),
(686,	614,	'Tenjo',	14),
(687,	615,	'Tibacuy',	14),
(688,	616,	'Tibirita',	14),
(689,	617,	'Tocaima',	14),
(690,	618,	'Tocancipá',	14),
(691,	619,	'Topaipí',	14),
(692,	62,	'Giraldo',	2),
(693,	620,	'Ubalá',	14),
(694,	621,	'Ubaque',	14),
(695,	622,	'Ubaté',	14),
(696,	623,	'Une',	14),
(697,	624,	'Utica',	14),
(698,	625,	'Vergara',	14),
(699,	626,	'Viani',	14),
(700,	627,	'Villa Gomez',	14),
(701,	628,	'Villa Pinzón',	14),
(702,	629,	'Villeta',	14),
(703,	63,	'Girardota',	2),
(704,	630,	'Viota',	14),
(705,	631,	'Yacopí',	14),
(706,	632,	'Zipacón',	14),
(707,	633,	'Zipaquirá',	14),
(708,	634,	'Barranco Minas',	15),
(709,	635,	'Cacahual',	15),
(710,	636,	'Inírida',	15),
(711,	637,	'La Guadalupe',	15),
(712,	638,	'Mapiripana',	15),
(713,	639,	'Morichal',	15),
(714,	64,	'Gomez Plata',	2),
(715,	640,	'Pana Pana',	15),
(716,	641,	'Puerto Colombia',	15),
(717,	642,	'San Felipe',	15),
(718,	643,	'Calamar',	16),
(719,	644,	'El Retorno',	16),
(720,	645,	'Miraflorez',	16),
(721,	646,	'San Jose del Guaviare',	16),
(722,	647,	'Acevedo',	17),
(723,	648,	'Agrado',	17),
(724,	649,	'Aipe',	17),
(725,	65,	'Granada',	2),
(726,	650,	'Algeciras',	17),
(727,	651,	'Altamira',	17),
(728,	652,	'Baraya',	17),
(729,	653,	'Campo Alegre',	17),
(730,	654,	'Colombia',	17),
(731,	655,	'Elias',	17),
(732,	656,	'Garzón',	17),
(733,	657,	'Gigante',	17),
(734,	658,	'Guadalupe',	17),
(735,	659,	'Hobo',	17),
(736,	66,	'Guadalupe',	2),
(737,	660,	'Iquira',	17),
(738,	661,	'Isnos',	17),
(739,	662,	'La Argentina',	17),
(740,	663,	'La Plata',	17),
(741,	664,	'Nataga',	17),
(742,	665,	'Neiva',	17),
(743,	666,	'Oporapa',	17),
(744,	667,	'Paicol',	17),
(745,	668,	'Palermo',	17),
(746,	669,	'Palestina',	17),
(747,	67,	'Guarne',	2),
(748,	670,	'Pital',	17),
(749,	671,	'Pitalito',	17),
(750,	672,	'Rivera',	17),
(751,	673,	'Salado Blanco',	17),
(752,	674,	'San Agustín',	17),
(753,	675,	'Santa Maria',	17),
(754,	676,	'Suaza',	17),
(755,	677,	'Tarqui',	17),
(756,	678,	'Tello',	17),
(757,	679,	'Teruel',	17),
(758,	68,	'Guataque',	2),
(759,	680,	'Tesalia',	17),
(760,	681,	'Timana',	17),
(761,	682,	'Villavieja',	17),
(762,	683,	'Yaguara',	17),
(763,	684,	'Albania',	18),
(764,	685,	'Barrancas',	18),
(765,	686,	'Dibulla',	18),
(766,	687,	'Distracción',	18),
(767,	688,	'El Molino',	18),
(768,	689,	'Fonseca',	18),
(769,	69,	'Heliconia',	2),
(770,	690,	'Hato Nuevo',	18),
(771,	691,	'La Jagua del Pilar',	18),
(772,	692,	'Maicado',	18),
(773,	693,	'Manaure',	18),
(774,	694,	'Riohacha',	18),
(775,	695,	'San Juan del Cesar',	18),
(776,	696,	'Uribia',	18),
(777,	697,	'Urumita',	18),
(778,	698,	'Villanueva',	18),
(779,	699,	'Algarrobo',	19),
(780,	7,	'Puerto Alegria',	1),
(781,	70,	'Hispania',	2),
(782,	700,	'Aracataca',	19),
(783,	701,	'Ariguani',	19),
(784,	702,	'Cerro San Antonio',	19),
(785,	703,	'Chivolo',	19),
(786,	704,	'Cienaga',	19),
(787,	705,	'Concordia',	19),
(788,	706,	'El Banco',	19),
(789,	707,	'El Piñon',	19),
(790,	708,	'El Reten',	19),
(791,	709,	'Fundacion',	19),
(792,	71,	'Itagui',	2),
(793,	710,	'Guamal',	19),
(794,	711,	'Nueva Granada',	19),
(795,	712,	'Pedraza',	19),
(796,	713,	'Pijiño del Carmen',	19),
(797,	714,	'Pivijay',	19),
(798,	715,	'Plato',	19),
(799,	716,	'Pueblo Viejo',	19),
(800,	717,	'Remolina',	19),
(801,	718,	'Sabanas de San Angel',	19),
(802,	719,	'Salamina',	19),
(803,	72,	'Ituango',	2),
(804,	720,	'San Sebastian de Buenavista',	19),
(805,	721,	'San Zenon',	19),
(806,	722,	'Santa Ana',	19),
(807,	723,	'Santa Barbara de Pinto',	19),
(808,	724,	'Santa Marta',	19),
(809,	725,	'Sitionuevo',	19),
(810,	726,	'Tenerife',	19),
(811,	727,	'Zapayan',	19),
(812,	728,	'Zona Bananera',	19),
(813,	729,	'Acacias',	20),
(814,	73,	'Jardin',	2),
(815,	730,	'Barranca de Upia',	20),
(816,	731,	'Cabuyaro',	20),
(817,	732,	'Castilla la Nueva',	20),
(818,	733,	'Cubarral',	20),
(819,	734,	'Cumaral',	20),
(820,	735,	'El Calvario',	20),
(821,	736,	'El Castillo',	20),
(822,	737,	'El Dorado',	20),
(823,	738,	'Fuente de Oro',	20),
(824,	739,	'Granada',	20),
(825,	74,	'Jerico',	2),
(826,	740,	'Guamal',	20),
(827,	741,	'La Macarena',	20),
(828,	742,	'La Uribe',	20),
(829,	743,	'Lejanías',	20),
(830,	744,	'Mapiripán',	20),
(831,	745,	'Mesetas',	20),
(832,	746,	'Puerto Concordia',	20),
(833,	747,	'Puerto Gaitán',	20),
(834,	748,	'Puerto Lleras',	20),
(835,	749,	'Puerto López',	20),
(836,	75,	'La Ceja',	2),
(837,	750,	'Puerto Rico',	20),
(838,	751,	'Restrepo',	20),
(839,	752,	'San Juan de Arama',	20),
(840,	753,	'San Carlos Guaroa',	20),
(841,	754,	'San Juanito',	20),
(842,	755,	'San Martín',	20),
(843,	756,	'Villavicencio',	20),
(844,	757,	'Vista Hermosa',	20),
(845,	758,	'Alban',	21),
(846,	759,	'Aldana',	21),
(847,	76,	'La Estrella',	2),
(848,	760,	'Ancuya',	21),
(849,	761,	'Arboleda',	21),
(850,	762,	'Barbacoas',	21),
(851,	763,	'Belen',	21),
(852,	764,	'Buesaco',	21),
(853,	765,	'Chachagui',	21),
(854,	766,	'Colon (GENOVA)',	21),
(855,	767,	'Consaca',	21),
(856,	768,	'Contadero',	21),
(857,	769,	'Cordoba',	21),
(858,	77,	'La Pintada',	2),
(859,	770,	'Cuaspud',	21),
(860,	771,	'Cumbal',	21),
(861,	772,	'Cumbitara',	21),
(862,	773,	'El Charco',	21),
(863,	774,	'El Peñol',	21),
(864,	775,	'El Rosario',	21),
(865,	776,	'El Tablón',	21),
(866,	777,	'El Tambo',	21),
(867,	778,	'Funes',	21),
(868,	779,	'Guachucal',	21),
(869,	78,	'La Union',	2),
(870,	780,	'Guaitarilla',	21),
(871,	781,	'Gualmatan',	21),
(872,	782,	'Iles',	21),
(873,	783,	'Imues',	21),
(874,	784,	'Ipiales',	21),
(875,	785,	'La Cruz',	21),
(876,	786,	'La Florida',	21),
(877,	787,	'La Llanada',	21),
(878,	788,	'La Tola',	21),
(879,	789,	'La Union',	21),
(880,	79,	'Liborina',	2),
(881,	790,	'Leiva',	21),
(882,	791,	'Linares',	21),
(883,	792,	'Los Andres',	21),
(884,	793,	'Magui',	21),
(885,	794,	'Mallama',	21),
(886,	795,	'Mosquera',	21),
(887,	796,	'Nariño',	21),
(888,	797,	'Olaya Herrera',	21),
(889,	798,	'Ospina',	21),
(890,	799,	'Pasto',	21),
(891,	8,	'Puerto Arica',	1),
(892,	80,	'Maceo',	2),
(893,	800,	'Pizarro',	21),
(894,	801,	'Policarpa',	21),
(895,	802,	'Potosi',	21),
(896,	803,	'Providencia',	21),
(897,	804,	'Puerres',	21),
(898,	805,	'Pupiales',	21),
(899,	806,	'Ricaurte',	21),
(900,	807,	'Roberto Payan',	21),
(901,	808,	'Samaniego',	21),
(902,	809,	'San Bernardo',	21),
(903,	81,	'Marinilla',	2),
(904,	810,	'San Lorenzo',	21),
(905,	811,	'San Pablo',	21),
(906,	812,	'San Pedro de Cartago',	21),
(907,	813,	'Sandona',	21),
(908,	814,	'Santa Barbara',	21),
(909,	815,	'Santacruz',	21),
(910,	816,	'Sapuyes',	21),
(911,	817,	'Taminango',	21),
(912,	818,	'Tangua',	21),
(913,	819,	'Tumaco',	21),
(914,	82,	'Medellin',	2),
(915,	820,	'Tuquerres',	21),
(916,	821,	'Yacuanquer',	21),
(917,	822,	'Abrego',	22),
(918,	823,	'Arboledas',	22),
(919,	824,	'Bochalema',	22),
(920,	825,	'Bucarasica',	22),
(921,	826,	'Cáchira',	22),
(922,	827,	'Cácota',	22),
(923,	828,	'Chinácota',	22),
(924,	829,	'Chitagá',	22),
(925,	83,	'Montebello',	2),
(926,	830,	'Convención',	22),
(927,	831,	'Cúcuta',	22),
(928,	832,	'Cucutilla',	22),
(929,	833,	'Durania',	22),
(930,	834,	'El Carmen',	22),
(931,	835,	'El Tarra',	22),
(932,	836,	'El Zulia',	22),
(933,	837,	'Gramalote',	22),
(934,	838,	'Hacari',	22),
(935,	839,	'Herrán',	22),
(936,	84,	'Murindo',	2),
(937,	840,	'La Esperanza',	22),
(938,	841,	'La Playa',	22),
(939,	842,	'Labateca',	22),
(940,	843,	'Los Patios',	22),
(941,	844,	'Lourdes',	22),
(942,	845,	'Mutiscua',	22),
(943,	846,	'Ocaña',	22),
(944,	847,	'Pamplona',	22),
(945,	848,	'Pamplonita',	22),
(946,	849,	'Puerto Santander',	22),
(947,	85,	'Mutata',	2),
(948,	850,	'Ragonvalia',	22),
(949,	851,	'Salazar',	22),
(950,	852,	'San Calixto',	22),
(951,	853,	'San Cayetano',	22),
(952,	854,	'Santiago',	22),
(953,	855,	'Sardinata',	22),
(954,	856,	'Silos',	22),
(955,	857,	'Teorama',	22),
(956,	858,	'Tibú',	22),
(957,	859,	'Toledo',	22),
(958,	86,	'Narino',	2),
(959,	860,	'Villa Caro',	22),
(960,	861,	'Villa del Rosario',	22),
(961,	862,	'Colón',	23),
(962,	863,	'Mocoa',	23),
(963,	864,	'Orito',	23),
(964,	865,	'Puerto Asís',	23),
(965,	866,	'Puerto Caycedo',	23),
(966,	867,	'Puerto Guzmán',	23),
(967,	868,	'Puerto Leguízamo',	23),
(968,	869,	'San Francisco',	23),
(969,	87,	'Nechi',	2),
(970,	870,	'San Miguel',	23),
(971,	871,	'Santiago',	23),
(972,	872,	'Sibundoy',	23),
(973,	873,	'Valle del Guamuez',	23),
(974,	874,	'Villagarzón',	23),
(975,	875,	'Armenia',	24),
(976,	876,	'Buenavista',	24),
(977,	877,	'Calarcá',	24),
(978,	878,	'Circasia',	24),
(979,	879,	'Córdoba',	24),
(980,	88,	'Necocli',	2),
(981,	880,	'Filandia',	24),
(982,	881,	'Génova',	24),
(983,	882,	'La Tebaida',	24),
(984,	883,	'Montenegro',	24),
(985,	884,	'Pijao',	24),
(986,	885,	'Quimbaya',	24),
(987,	886,	'Salento',	24),
(988,	887,	'Apia',	25),
(989,	888,	'Balboa',	25),
(990,	889,	'Belén de Umbría',	25),
(991,	89,	'Olaya',	2),
(992,	890,	'Dos Quebradas',	25),
(993,	891,	'Guatica',	25),
(994,	892,	'La Celia',	25),
(995,	893,	'La Virginia',	25),
(996,	894,	'Marsella',	25),
(997,	895,	'Mistrato',	25),
(998,	896,	'Pereira',	25),
(999,	897,	'Pueblo Rico',	25),
(1000,	898,	'Quinchía',	25),
(1001,	899,	'Santa Rosa de Cabal',	25),
(1002,	9,	'Puerto Nariño',	1),
(1003,	90,	'Peque',	2),
(1004,	900,	'Santuario',	25),
(1005,	901,	'Providencia',	26),
(1006,	902,	'San Andres',	26),
(1007,	903,	'Santa Catalina',	26),
(1008,	904,	'Aguada',	27),
(1009,	905,	'Albania',	27),
(1010,	906,	'Aratoca',	27),
(1011,	907,	'Barbosa',	27),
(1012,	908,	'Barichara',	27),
(1013,	909,	'Barrancabermeja',	27),
(1014,	91,	'Pueblorrico',	2),
(1015,	910,	'Betulia',	27),
(1016,	911,	'Bolivar',	27),
(1017,	912,	'Bucaramanga',	27),
(1018,	913,	'Cabrera',	27),
(1019,	914,	'California',	27),
(1020,	915,	'Capitanejo',	27),
(1021,	916,	'Carcasi',	27),
(1022,	917,	'Cepita',	27),
(1023,	918,	'Cerrito',	27),
(1024,	919,	'Charalá',	27),
(1025,	92,	'Puerto Berrio',	2),
(1026,	920,	'Charta',	27),
(1027,	921,	'Chima',	27),
(1028,	922,	'Chipatá',	27),
(1029,	923,	'Cimitarra',	27),
(1030,	924,	'Concepción',	27),
(1031,	925,	'Confines',	27),
(1032,	926,	'Contratación',	27),
(1033,	927,	'Coromoro',	27),
(1034,	928,	'Curití',	27),
(1035,	929,	'El Carmen',	27),
(1036,	93,	'Puerto Nare',	2),
(1037,	930,	'Elñ Guacamayo',	27),
(1038,	931,	'El Peñon',	27),
(1039,	932,	'El Playón',	27),
(1040,	933,	'Encino',	27),
(1041,	934,	'Enciso',	27),
(1042,	935,	'Florían',	27),
(1043,	936,	'Floridablanca',	27),
(1044,	937,	'Galán',	27),
(1045,	938,	'Gambita',	27),
(1046,	939,	'Girón',	27),
(1047,	94,	'Puerto Triunfo',	2),
(1048,	940,	'Guaca',	27),
(1049,	941,	'Guadalupe',	27),
(1050,	942,	'Guapota',	27),
(1051,	943,	'Guavitá',	27),
(1052,	944,	'Guepsa',	27),
(1053,	945,	'Hato',	27),
(1054,	946,	'Jesús Maria',	27),
(1055,	947,	'Jordán',	27),
(1056,	948,	'La Belleza',	27),
(1057,	949,	'La Paz',	27),
(1058,	95,	'Remedios',	2),
(1059,	950,	'Landazuri',	27),
(1060,	951,	'Lebrija',	27),
(1061,	952,	'Los Santos',	27),
(1062,	953,	'Macaravita',	27),
(1063,	954,	'Málaga',	27),
(1064,	955,	'Matanza',	27),
(1065,	956,	'Mogotes',	27),
(1066,	957,	'Molagavita',	27),
(1067,	958,	'Ocamonte',	27),
(1068,	959,	'Oiba',	27),
(1069,	96,	'Rionegro',	2),
(1070,	960,	'Onzaga',	27),
(1071,	961,	'Palmar',	27),
(1072,	962,	'Palmas del Socorro',	27),
(1073,	963,	'Páramo',	27),
(1074,	964,	'Piedecuesta',	27),
(1075,	965,	'Pinchote',	27),
(1076,	966,	'Puente Nacional',	27),
(1077,	967,	'Puerto Parra',	27),
(1078,	968,	'Puerto Wilches',	27),
(1079,	969,	'Rionegro',	27),
(1080,	97,	'Sabanalarga',	2),
(1081,	970,	'Sabana de Torres',	27),
(1082,	971,	'San Andrés',	27),
(1083,	972,	'San Benito',	27),
(1084,	973,	'San Gil',	27),
(1085,	974,	'San Joaquín',	27),
(1086,	975,	'San José de Miranda',	27),
(1087,	976,	'San Miguel',	27),
(1088,	977,	'San Vicente de Chucurí',	27),
(1089,	978,	'Santa Bárbara',	27),
(1090,	979,	'Santa Helena',	27),
(1091,	98,	'Sabaneta',	2),
(1092,	980,	'Simacota',	27),
(1093,	981,	'Socorro',	27),
(1094,	982,	'Suaita',	27),
(1095,	983,	'Sucre',	27),
(1096,	984,	'Surata',	27),
(1097,	985,	'Tona',	27),
(1098,	986,	'Valle San José',	27),
(1099,	987,	'Vélez',	27),
(1100,	988,	'Vetas',	27),
(1101,	989,	'Villanueva',	27),
(1102,	99,	'Salgar',	2),
(1103,	990,	'Zapatoca',	27),
(1104,	991,	'Buenavista',	28),
(1105,	992,	'Caimito',	28),
(1106,	993,	'Chalán',	28),
(1107,	994,	'Coloso',	28),
(1108,	995,	'Corozal',	28),
(1109,	996,	'El Roble',	28),
(1110,	997,	'Galeras',	28),
(1111,	998,	'Guaranda',	28),
(1112,	999,	'La unión',	28);

DROP TABLE IF EXISTS `salas`;
CREATE TABLE `salas` (
  `id` int(11) NOT NULL AUTO_INCREMENT,
  `nombre` varchar(200) NOT NULL,
  PRIMARY KEY (`id`)
) ENGINE=InnoDB DEFAULT CHARSET=utf8;

INSERT INTO `salas` (`id`, `nombre`) VALUES
(1,	'Sala Electronica'),
(2,	'Sala Industrial'),
(3,	'Sala Sistemas');

DROP TABLE IF EXISTS `sala_estudiante`;
CREATE TABLE `sala_estudiante` (
  `id` int(11) NOT NULL AUTO_INCREMENT,
  `cedula` int(11) NOT NULL,
  `id_sala` int(11) NOT NULL,
  PRIMARY KEY (`id`)
) ENGINE=InnoDB DEFAULT CHARSET=utf8;

INSERT INTO `sala_estudiante` (`id`, `cedula`, `id_sala`) VALUES
(1,	1103094999,	1),
(2,	42205716,	3);

-- 2014-05-28 22:53:58
